,title,main_body,link
0,中国科协培训和人才服务中心推出心理战疫系列网络直播课,3月10日，中国科协培训和人才服务中心（以下简称“人才中心”）联合中国心理学会共同组织发起的“新征途·心出发”心理战疫系列公开课陆续在腾讯视频平台直播，助力公众增强心理调适与自主学习能力，助力复工复产复学。科技云课堂系列公开课主要分为“打赢复工战”和“做学习的主人”2个系列10门课程，邀请来自北京师范大学、四川大学、中石油集团等机构的10名心理学专家，内容涵盖复工复产后员工心理情绪调节、恢复团队工作状态、提升工作效率，以及疫情期间家庭心理教育知识和技能等多个方面。3月10日，首期公开课在腾讯视频上线，四川大学心理学教授、中央电视台《心理访谈》栏目特聘顾问格桑泽仁针对复工复产期间如何加强心理管理、提升心理调适，从而提升工作效率与效果做交流指导。公开课已上线6期。直播课程受到公众的广泛关注，37万人次观看，很多观众在评论区纷纷点赞。应观众要求，课程将制作成微课程，在科协系统智能学习平台供科协系统干部在线学习，并推送到腾讯教育、腾讯课堂等平台供社会大众免费学习。为使云讲堂内容更具针对性，同时使中国科协党校教学资源进一步下沉基层，人才中心在活动筹备前期联合中国心理学会，浙江省、江苏省、湖南省、山东省、河南省、宁波市科协等地方科协，以及优客工场企业科协组织、湖南企业科协联合会创新联盟等深入调研了各方面需求。,http://www.cast.org.cn/art/2020/3/21/art_80_116928.html
1,中国化工学会：积极倡议全员战“疫”,新冠肺炎疫情发生以来，中国化工学会党组织坚决贯彻落实习近平总书记指示和党中央、国务院决策部署，全面动员，立足学会实际，全力投入到疫情防控阻击战中。 紧急部署 强化落实 学会党委书记华炜第一时间部署学会秘书处全体成员、35个专业委员会及学会4个会刊编辑部全体成员，学习党中央关于疫情防控的指示精神，以及民政部、中国科协、国资委等部门的相关文件。学会先后发布《关于加强中国化工学会分支机构疫情防控工作的通知》《关于疫情防控期间工作开展的指导意见》等文件，把各专业委员会的疫情防控工作纳入2020年分支机构考核指标；要求全系统中的党员干部和党员会员，坚定站在疫情防控第一线，发挥好党组织战斗堡垒作用和党员先锋模范作用。2月28日，学会党支部全体12位党员捐款9000元，支持抗疫工作。 积极倡议 引导舆论 学会参与中国科协《战“疫”有我，为决胜攻坚提供科技志愿服务——向全国科技工作者的倡议》《团结信任 创新争先 坚决打赢疫情防控人民战争——向全国科技工作者的倡议》《中国科协再次倡议：让科学家精神光耀时代 让科技创造新的价值》等倡议。 2月4日，学会协调35个分支机构及27个全国省级化工学会，发出《中国化工学会致全体理事、会员的倡议书》，号召会员单位中与防控疫情急需用品生产相关的企业保障生产，尽快满足疫情防控物资生产需求；全体会员安全返工、科学防护；普及科学知识，加强舆论引导。 2月13日，学会征集各分支机构、各理事单位及广大会员在疫情防控战役中涌现出的先进典型，并发布《中国化工学会理事会员单位抗疫先进典型专报》。截至3月2日，共发出10期专报，总字数约8万字。,http://www.cast.org.cn/art/2020/3/4/art_80_115133.html
2,中华中医药学会：“青托人”的抗疫故事,新冠肺炎疫情发生后，中华中医药学会的青年人才托举工程入选者们（简称“青托人”）发挥自身专业优势，积极承担社会责任，纷纷参与到抗击疫情的战役中。 驰援武汉 反哺故土 中华中医药学会青年人才托举工程项目入选者、天津中医药大学第一附属医院风湿免疫科副主任医师吴沅皞，得知家乡湖北发生新冠肺炎疫情消息后，以党员身份通过口头报名、电话报名、手写请战书三次报名支援抗疫一线。他在请战书中写道：“我是一名共产党员，在疫情面前，召之即来，来之能战，战之必胜！”“我接受过西医正规的无菌操作训练”“发热疾病是我们免疫科的诊疗强项”2月10日，吴沅皞如愿以偿成为天津市60人中医医疗队的一员驰援家乡参加一线抗“疫”。 下载.png 志愿一线 留守岗位发光热 2020年春节前夕，中华中医药学会青年人才托举工程项目入选者、中国中医科学院广安门医院肿瘤科主治医师郭秋均放弃了自己的离京计划和节后赴美作访问学者计划，开始参加医院组织的门诊应急防控演习，全面学习新冠肺炎的应急处置方法。他第一时间报名参加医院应急医疗队，期待能够支援抗疫一线。尽管没有被派往抗疫一线，他坚守岗位，元宵节值班当日，积极参与新冠肺炎疑似患者的危重抢救工作。,http://www.cast.org.cn/art/2020/3/3/art_80_114825.html
3,保通保畅保平安---中国公路学会多措并举抗击疫情,新冠肺炎疫情爆发以来，中国公路学会贯彻落实党中央、国务院的决策部署，按照中国科协、交通运输部的统一要求，在学会党委和理事会的领导下，动员和带领全体会员和公路交通科技工作者，积极发扬公路人的专长、担当精神，为打赢疫情阻击战贡献力量。 及时部署 抢抓第一落点 疫情发生后，学会先后发布《致奋战在抗疫一线的广大会员和公路交通科技工作者的慰问信 》《抗击疫情，守职尽责——致全国服务区同行的倡议书》《写给全体运输与物流人的一封信》，鼓励学会所属各分支机构、各地方公路学会，广大会员和公路交通科技工作者投身抗疫第一线，保障道路畅通和运输安全，特别是为湖北抗疫一线的物质供应提供保障。 学会党委和办事机构党总支制定《关于在防控新冠病毒肺炎疫情中加强党的领导和发挥党组织战斗堡垒作用的通知》《中国公路学会办事机构党总支关于党员带头做好疫情防控期间有关工作的通知》等文件，号召各分支机构、会员单位以及广大公路交通科技工作者和全体党员，提高政治站位，切实履行职责，传播科学知识，立足专业特色，提供科技服务，勇担社会责任。 学会配合中国科协统一行动，广泛开展征集新冠肺炎疫情防控的举措、科普文章，开展募捐活动和志愿活动，总结宣传抗击疫情工作先进典型及感人事迹等，在学会期刊、网站、微信公众号等平台进行宣传，唱响正气歌，弘扬正能量。 爱心传递 助阵抗疫一线 学会先后向湖北省交通运输系统和相关会员单位发出慰问信，捐献口罩等防疫物资。同时，学会向会员单位和行业企业发出捐赠倡议，为企业复工复产提供服务。据不完全统计，中交集团、三一重工、苏交科集团、金晓电子等学会会员单位，通过不同方式和渠道为湖北防疫一线捐赠大量的防护用品和资金。 公路交通勘察设计人员办公较为密集，线上信息化办公对互联网、云服务等平台的需求强烈，学会动员会员单位免费提供协同设计线上办公软件，供行业相关勘察设计单位使用。 建言献策 发挥专业优势 学会组织服务区工作委员会进行调研，形成《高速公路服务区新冠病毒疫情防控工作调研分析与相关建议》，第一时间提交交通运输部公路局，得到高度认可，为交通运输主管部门制定疫情防控的相关决策提供支持。 学会组织运输与物流分会、交通投融资分会等分支机构开展调研，了解疫情期间全国运输物流企业、交通基础设施建设企业及管理部门的情况，通过组织专家论证，形成《新型冠状病毒疫情对高速公路企业的影响与应对措施建议及交通保障政策梳理》。,http://www.cast.org.cn/art/2020/2/24/art_80_113562.html
4,中国农业工程学会建言疫情防控助生产,自新冠肺炎疫情爆发以来，中国农业工程学会深入贯彻落实党中央、国务院的决策部署，按照中国科协科技社团党委关于疫情防控工作的要求，利用学会官方微信、邮件和手机报等线上平台，组织动员全体理事、党员、会员，以及分支机构、地方学会及会员单位积极投身到防疫抗疫工作中。 及时部署 落实引导 2月4日，学会发出《中国农业工程学会党委、中国农业工程学会致广大会员和农业工程科技工作者的倡议书》；2月6日，学会向理事、分支机构、地方学会及会员单位发出《关于为坚决打赢疫情防控阻击战提供坚强政治保证的通知》和《关于征集新型冠状病毒肺炎疫情防控相关工作案例的邀请》，征集新冠肺炎疫情防控举措、科普文章，开展募捐活动和志愿活动，总结宣传防疫抗炎工作中的先进典型和感人事迹等。 学会秘书处在支撑单位农业农村部规划研究设计院的指导和支持下，加强员工管理、防控教育及岗位工作。学会利用微信工作群、学会官微、QQ工作群、邮件、学会期刊论文处理系统，迅速组织秘书长会、党委会、理事长会等工作会议，开展学习研讨，形成工作决议，加强管理与防控宣传，密切联系分支机构，定期发布工作动态。 建言献策 助力生产 1月31日，全国政协委员、学会学术交流工作委员会主任委员、中国农业大学工学院教授韩鲁佳向全国政协提交“关于北京市公共场所实施佩戴口罩的控制措施的建议”；2月1日，韩鲁佳根据教育部的相关工作要求，组织教育部高等学校农业工程类专业教学指导委员会撰写的“关于在疫情防控期间充分利用线上教学资源做好在线教学的指导意见”向全国各农业工程类高校发布。 学会畜牧工程分会企业会员单位北京华都峪口禽业有限责任公司制作“新型肺炎期间养殖场员工进场4件事”视频宣传片，指导畜牧场员工返岗后如何进行新型冠状病毒肺炎防控，保障养殖场、畜牧场的人员和生产安全，保障肉蛋奶等生活必需品供应。,http://www.cast.org.cn/art/2020/2/22/art_80_113426.html
5,科协人战“疫”时刻，“她们”筑起一道长城,中华护理学会副理事长张素秋没有想到，时隔17年，自己再次遇到把身边的战友送到前线抗击毒魔的艰难选择。 在担任中国中医科学院广安门医院护理部主任的20年里，张素秋经历了战胜SARS，而如今在退休之际，又遭遇新冠肺炎。作为护理部主任，她面临了2次痛苦的人员选择：挑选医疗队员，把同事送到抗击疫情前线。 SARS期间3名护士被感染的经历让素秋彻夜难眠。这次，在北京西站目送远驰的列车，她默默地祝福和期待：一定争取零感染、不漏诊。 己亥末庚子春，一场新冠肺炎疫情突袭武汉，威胁中华大地。面对疫情，一批又一批医护人员响应党中央的号召，主动请缨，驰援武汉。 2月19日，驰援武汉的医护人员已达3万余人。其中，75%是护士，且90%以上为女性。 她们当中有李兰娟、陈薇这样的著名医学专家，更多的是普通医护工作者。她们都牢记初心使命，有着铁一般的担当与家国情怀。 压不垮的脊梁 面对疫情，习近平总书记多次强调科学防治，“各级党委、政府和各级领导干部要扛起责任、经受考验，既有责任担当之勇、又有科学防控之智”。 1月23日，中国科协及中华医学会、中华中医药学会、中华护理学会、中国预防医学会联合向抗炎一线的医务工作者发出了《致抗炎一线同仁书》。 中华护理学会在中国科协、国家卫生健康委员会指导下，在学会理事长吴欣娟带领下，为鼓励全国400多万护理工作者做好疫情的防控与护理工作，通过学会官网、微信公众号，向全国护理工作者发出了“科学防控 积极应对”的倡议书，并向湖北省护理学会发出了慰问信。 中华护理学会秘书长应岚介绍，当得知湖北省护理人员口罩短缺，中华护理学会立即行动，1月22日通过多方渠道协调，向武汉捐赠了一批N95口罩，为战斗在一线的护理人员提供了宝贵的防护用品。中华护理学会副理事长李峥带领同事与国际护士会密切联络，呼吁各国家和地区护理协学会为武汉和湖北一线捐赠防护用品和捐款。 学会理事长吴欣娟更是亲自出征，于2月7日下午随北京协和医院援鄂抗疫国家医疗队奔赴武汉第一线，开展重症病房管理指导工作。学会理事、分支机构主任委员（如重症专委会主委、呼吸科主任委员、伤口造口主任委员等）、专家库专家、青年委员会委员、学会会员等，也带队或随队奔赴武汉第一线开展工作。 与此同时，中国科协带领所属20多个医科学会，广泛动员各自的学会理事、理事单位和会员，全力投入抗击疫情战斗。 中国女医师协会会长、北京大学第三医院院长乔杰院士带队驰援武汉，组建危重症病房。,http://www.cast.org.cn/art/2020/2/20/art_80_113072.html
6,中国康复医学会上下联动抗疫情,新冠肺炎疫情发生以来，中国康复医学会深入学习贯彻习近平总书记关于做好新冠肺炎疫情防控工作的重要指示，全面贯彻落实党中央、国务院决策部署，认真落实政府部门要求，全力响应中国科协号召，积极行动，扎实有序推进各项工作。 有力有序  部署抗疫工作 学会以“凝聚康复科技工作者强大力量，构建众志成城战疫情强劲态势”为目标，确立“一切行动围绕防控疫情开展，所有资源朝向防控疫情聚合”的方针，成立防控工作领导小组，及时下发《关于贯彻党中央决策部署助力打赢疫情防控工作的通知》，并将做好疫情防控工作纳入2020年工作要点，制定《驻会机构防控新型冠状病毒感染肺炎疫情工作方案》，建立疫情“日报告”“零报告”制度，加强对重点人员健康状况跟踪，统一购置防护用品，筑牢抵御病毒的“防火墙”。 党建引领  强化政治保证 学会认真学习《关于加强党的领导、为打赢疫情防控阻击战提供坚强政治保证的通知》，按照中国科协部署，把防控疫情各项工作置于党组织领导之下，通过正面引导、典型示范、营造氛围等方式激励分支机构党支部和党员科技工作者发挥战斗堡垒及先锋模范作用。学会党委严格执行议事规则，涉及捐款捐物投向等重要问题，以通信会议方式集体研究决定。1月30日，学会党委发出“不忘初心，勠力同心，坚决打赢疫情防控阻击战”倡议书，号召学会会员、康复科技工作者在党中央的坚强领导下，携手共进，共克时艰，贡献力量。学会还依托分支机构的通讯员挖掘抗疫工作的典型事例，进行宣传。 精准服务  提供专业指导 学会迅速组织康复领域的专家学者开展研究攻关，连续发布新冠肺炎疫情期间《呼吸康复指导意见（第一版）》《康复诊疗工作综合指导意见（第一版）》《医用高压氧舱安全使用指导意见（第一版）》《康复医院防控工作综合指导意见（第一版）》等4个专业指导性文件，为呼吸康复指导意见配套制作了50分钟的视频片。 学会科普工作委员会和相关专业委员会组织制作呼吸、重症、中西医结合康复等专业科普作品，以及健身强体防病等常规科普作品，并进行广泛宣传。学会还与分支机构、单位会员和个人会员间建立应急科普联动机制，加强审核把关，1月24日到2月14日，累计发布原创科普文章96篇，其中《带着家人做呼吸体操，健身又健肺》《面对疫情，心血管病患者的科学运动方法》等30篇科普作品被中国科协相关平台转发。,http://www.cast.org.cn/art/2020/2/19/art_80_113122.html
7,中国数学会发挥专长助力抗疫,新冠肺炎疫情发生以来，中国数学会发挥学科优势，组建研究团队开展建模和预测等工作，为切实提高疫情防控的科学性和有效性提供专业支持。 学会理事、陕西师范大学教授唐三一联合陕西师范大学生物数学团队、西安交通大学生物数学团队以及加拿大吴建宏教授团队，建立包括密切跟踪隔离的封城效果检测的传播动力学模型，该模型基于1月22日24时前的数据，实现模型辨识和拟合。研究成果已完成并投稿。同时，团队对未来一周的疫情进行预测，为国家疾病预防控制部门早决策早预警提供依据。 学会理事、学会生物数学专业委员会主任、北京建筑大学教授崔景安带领北京建筑大学生物数学团队，第一时间参与了武汉新型冠状病毒数学建模与预测工作。模型结果经过中国疾控中心专家讨论后形成报告，为国家卫健委等相关部门的决策提供参考。 学会理事、东北师范大学教授范猛自疫情暴发开始，密切关注疫情发展动态和学界研究动态，他所带领的东北师范大学生物数学研究团队联合加拿大约克大学（York University）朱怀平教授团队以及东北地区部分生物数学学者，基于新型冠状病毒的流行病学特征及传播现状，应用动力学建模方法探究延迟确诊对疾病传播的影响，预测疾病发展趋势，并评估干预措施的有效性。特别是对“封城闭户”进行了比较深入的研究，拟合当前疫情实际，相关研究结果已提交给长春市疾病预防与控制中心，为疫情防控提供参考。 学会会员、北京大学公共卫生学院生物统计系主任周晓华教授的研究团队综合利用流行病学、病毒基因、交通流量等数据信息，从数学模型和统计模型相结合的角度，对本次新型冠状病毒疫情的发生和发展过程进行深入研究。1月24日，该队完成武汉市新型冠状病毒潜在感染人数的估计，结果发表于《中国疾病预防控制中心周报（英文版）》（China CDC Weekly）；1月29日，利用新完成的模型和更新的数据对未来3天的病例数进行预测，预测结果得到了验证；2月3日，估计出传染期时长的分布中位数和均值；2月8日，估算出传染病控制再生数，发现全国各地区的控制再生数都处于下降趋势，说明防控措施取得了一定成效。该团队还提出随机动力学模型，可用于刻画潜伏期、无症状传染、有症状传染、隔离期、治疗、康复等复杂状态，应用于预测人群在不同城市间的转移等。 学会监事、复旦大学上海市现代应用数学重点实验室主任程晋带领由复旦大学、浙江大学、上海财经大学的学者组成的研究团队，基于全国各级卫健委每日公布的累计确诊数和治愈数等数据。,http://www.cast.org.cn/art/2020/2/19/art_80_113121.html
8,中国畜牧兽医学会聚合资源助抗“疫”,"新冠肺炎疫情发生以来，中国畜牧兽医学会学习和传达习近平总书记对疫情防控工作的重要指示精神，落实中国科协的工作部署,发出《中国畜牧兽医学会致会员和畜牧兽医科技工作者的倡议书》，号召各学科分会、会员和广大畜牧兽医科技工作者发挥学科专长，积极投身到疫情防控工作中。鼓励开展抗疫科研学会号召广大畜牧兽医科技工作者加强信息共享，汇聚专业同行智慧，为政府部门科学决策提供学术依据和智力支持。中国工程院院士、学会名誉理事长陈焕春和学会理事金梅林教授带领团队临危受命，参与病毒溯源的攻关任务，他们所在的ABSL-3实验室获得国家卫健委同意开展2019-nCoV实验，为武汉一线应急防控提供高等级实验室的平台支持和储备。积极开展科普宣传在社会上“关于宠物会传染新型冠状病毒”的谣言甚嚣尘上时，学会组织林德贵、金艺鹏、柴同杰等专家撰写了""论新型冠状病毒病与宠物犬猫冠状病毒病之间的差异性""""全民抗击新型冠状病毒疫情——如何科学养宠？""""宠物也会传播新型冠状病毒？勿信谣言！且听宠物专家为我们答疑解惑""""消毒剂的种类和选择""""科普气溶胶""等一系列科普文章，通过学会网站、分会公众号以及微信群发布，快速辟谣，为公众答疑解惑。学会动物福利与健康养殖分会理事长柴同杰接受中央电视台采访，呼吁禁止捕杀和食用野生动物；参加北京大学和生物气溶胶学会主办的视频研讨会——""新型冠状病毒疫情研讨会""，作以""动物源性病原体致病及其气溶胶传染特征""为题的发言。为基层送技术、解难题学会宁波（象山）服务站副站长陈淑芳博士发起帮助养殖户销售滞销产品的团购。通过对接商务部门，指导和协助多家养殖企业改进养殖方式，减少积栏压力，降低经济损失。",http://www.cast.org.cn/art/2020/2/19/art_80_113120.html
9,中国康复医学会向武汉雷神山医院捐款200万元,2月11日，中国康复医学会与武汉市慈善总会、武汉雷神山医院签订三方捐赠协议书，确定经由武汉市慈善总会向雷神山医院定向捐款200万元，用于购置防护用品和药品物资，支持武汉市抗击疫情行动。本次捐款活动是中国康复医学会深入贯彻党和国家决策部署，全面落实民政部、卫健委、中国科协的工作要求，积极投身战“疫”之战，聚合资源、支援前线、助力打赢的重要系列举措之一。1月30日，学会面向全体会员发出倡议，下发《关于开展抗击新型冠状病毒感染肺炎疫情爱心捐款的通知》，会长方国恩，党委书记、常务副会长牛恩喜每人带头捐款5000元，学会及所属58个分支机构全员参与。同时，学会认真学习相关政策规定，与湖北省、武汉市的相关社会组织、医疗机构协调沟通，全面公开、全程透明，此次捐款活动的工作仅用9天时间就全部完成。中国康复医学会表示，将继续深入学习贯彻习近平总书记重要指示精神，把抗击疫情作为当前最重要的任务，发挥自身优势，更广泛、更紧密地凝聚广大会员和康复科技工作者，在疫情防控工作中发挥更大作用。,http://www.cast.org.cn/art/2020/2/12/art_80_111888.html
10,中国岩石力学与工程学会名誉理事长钱七虎院士向武汉捐款650万元,2月6日，武汉市慈善总会发布《关于新冠肺炎防控捐赠款物公告第12期》，2018年度国家最高科技奖获得者、中国岩石力学与工程学会名誉理事长、监事长钱七虎院士，分两次向武汉市慈善总会捐款650万元。钱七虎，1937年10月出生于江苏昆山，是我国著名的防护工程专家和现代防护工程理论奠基人，中国工程院首届院士。钱七虎曾担任中国岩石力学与工程学会第五届、第六届理事长，国际岩石力学学会副主席，为中国岩石力学与岩土工程事业做出突出贡献。2018年，钱七虎获得国家最高科学技术奖后，将800万元奖金全部捐献给国家，用于资助西部和少数民族贫困学生上学。在回顾自己成长经历时，钱七虎表示：一是要坚定地跟党走；二是要把个人发展和国家事业紧密结合起来；三是要正确对待个人与组织、个人与群众的关系。他曾说：“如果一个人树立的是基于国家的价值观，那他关注的就是国家、民族和人民。”钱七虎用实际行动践行了一名共产党员的初心使命，发挥党员模范表率作用，为打赢新型冠状病毒疫情防控阻击战贡献出自己的力量。,http://www.cast.org.cn/art/2020/2/8/art_80_111002.html
11,中国康复医学会发布《2019新型冠状病毒肺炎呼吸康复指导意见（第一版）》,2月3日，中国康复医学会组织编写的《2019新型冠状病毒肺炎呼吸康复指导意见（第一版）》（以下简称《指导意见》，通过中国康复医学会网站和微信公众号向社会公布。《指导意见》针对当前新型冠状病毒感染肺炎患者中存在的不同程度的呼吸功能、躯体功能以及心理功能等障碍问题，指导康复医疗人员遵循科学原则开展呼吸康复治疗工作。《指导意见》编写组由国内的呼吸病学、重症医学和康复医学等领域的专家组成。中国工程院院士、中国工程院副院长、北京协和医院院校长王辰和中国康复医学会会长方国恩担任组长，郭琪、黄晓琳、谢欲晓、喻鹏铭、赵红梅、周谋望等专家作为主要成员。《指导意见》经过专家组近一个月的反复研讨论证完成。《指导意见》指出，对新冠病毒感染肺炎患者开展呼吸康复治疗，必须严格遵循国家卫生健康委员会《新型冠状病毒感染的肺炎防护中常见医用防护使用范围指引（试行）》、《医疗机构内新型冠状病毒感染预防与控制技术指南（第一版）》，所有接触患者开展呼吸康复评估及治疗的人员，必须经过感染控制培训，考核合格方可上岗。《指导意见》的内容包括呼吸康复治疗的基本原则、特别考虑、短期和长期目标，针对普通型患者、重型/危重型患者、疑似/确诊轻症患者隔离期间、出院患者开展呼吸康复治疗等分别给出指导意见。《指导意见》强调，无论何种方式的呼吸康复介入都应遵循个性化原则，尤其对重症、高龄及存在多种基础疾病患者，要将评估和监测贯穿整个呼吸康复治疗全过程。《指导意见》的印发在康复医疗人员及时、有效地开展个性化呼吸康复评估及治疗，协助新冠病毒感染肺炎患者全面恢复身心功能、社会参与能力以及提高生活质量，妥善处理患者救治和康复以及医务人员自身防护之间的关系等方面具有指导意义。同时，根据疫情形势发展和临床治疗情况，中国康复医学会还将继续发布相关的专业指导性意见。,http://www.cast.org.cn/art/2020/2/5/art_80_110314.html
12,中国心理学会专家：战“疫”期间家长应引导孩子化危为机,“利用危机事件对孩子做好启发、引导和教育”“保持并加强良好的亲子关系”“减少孩子的疑问和恐惧，让孩子获得成长的机会”……2月2日，中国科协组织中国心理学会多位专家通过网络对媒体表示，面对这次突如其来的新型冠状病毒感染肺炎疫情，假期延长、开学延迟，家长应该引导孩子更多将疫情的危险转化为教育和学习的机会。中国心理学会心理咨询师工作委员会副主任林春教授表示，面对疫情，家长首先要做好个人防护，并指导和帮助孩子做好防护，然后在一个相对安全的家庭环境、难得充裕的共同时间里利用危机事件对孩子做好启发、引导和教育。家长要保持适度的紧张和警觉，减少外出和群聚活动，和孩子一起做好必要的隔离。面对病毒疫情传染的不确定性，焦虑和恐惧属于正常反应，从人类进化和个体生存的角度来看，焦虑和恐惧都有积极的适应意义——使人们迅速警觉，调动机体的能量，规避可能的风险。同时，引导孩子认识并接纳自己的紧张情绪，通过科学的防疫措施和生活学习的合理安排来规避风险，降低恐惧情绪。林春认为，在孩子面前，家长不仅是教育者，也要做好观察者、陪伴者、示范者和引领者。战“疫”期间，家长还应该和孩子一起研究获取可靠信息的方法，学习自我防护的知识，利用危机事件强化生命教育，学习病毒和疾病的科学知识，培养孩子对大自然的敬畏和好奇心，启发孩子体会、认识人的社会性和相互协作的重要性。中国心理学会员工心理促进工作委员会副主任兼秘书长史占彪教授、北京师范大学教授侯志瑾表示，此次疫情从健康角度而言，对人类生命和生活是个威胁，而对亲子关系而言，却是个机会，可以有更多时间与空间来进行对话、互动和增进理解，只要把握得好，完全有可能拥有更融洽的关系。首先，有了时间。城里、乡下其实很多孩子都是隔代抚养的“留守”儿童，父母曾经都太忙，如今受疫情影响不得不在一起，父母就有了大把的时间，可以观察孩子，陪伴孩子，与孩子一起讲故事、做游戏、做家务。其次，有了空间。有些家长有时间，可是一直够不着孩子，特别对于大学生、研究生，如今在一起近距离的沟通和交流，靠得更近了，看得更清了，更容易相互理解了。其三，有了亲子之间磨合的机会。更为宝贵的是，亲子互动多起来，就有机会观察、了解进而相互理解。生活上的习惯、学习上的动力、人际上的风格，亲子之间就有更多的机会去磨合、去融合。他们认为，对于儿童青少年的教育学习，此次疫情让在线教育为孩子们提供了更安全的“空中课堂”，老师和家长要让孩子意识到“空中课堂”就是真正的课堂。,http://www.cast.org.cn/art/2020/2/3/art_80_109847.html
13,中国药理学会主办期刊积极组织编发新型冠状病毒感染的肺炎快速诊疗指南,1月30日，“新型冠状病毒感染的肺炎诊疗快速指南（第三版）”（以下简称“快速指南（第三版）”） 通过中国知网向全社会发布。“快速指南（第三版）”由中国药理学会和华中科技大学同济医学院附属同济医院共同主办的期刊《医药导报》编辑部组织编发，并于1月31日通过《医药导报》微信公众号和网站进行宣传。 《医药导报》编辑部位于湖北省武汉市的同济医院，为及时宣传新型冠状病毒感染肺炎诊疗指南、防控措施、临床治疗经验、药物合理使用与药学监护等相关内容，让更多患者得到及时诊断与治疗，《医药导报》主编杜光带领编辑部全体工作人员，迅速收集整理武汉地区临床一线的新型冠状病毒诊治经验，策划选题、撰写临床诊疗经验文章体例，邀请华中科技大学同济医学院附属同济医院新型冠状病毒诊疗救治专家组参与编写。编辑部启动绿色审稿通道，主动与中国知网的网络首发部门沟通，争取“快速指南（第三版）”以最快速度出版发布。 “快速指南（第三版）”参考国家卫生健康委“新型冠状病毒感染的肺炎诊疗方案（试行第四版）”、世界卫生组织“疑似新型冠状病毒感染造成严重急性呼吸道感染的临床处置指南”等内容，供临床诊治参考，具体内容包括2019-nCoV的病原学特点、2019-nCoV感染的肺炎的流行病特点 、2019-nCoV感染的肺炎的临床特点、2019-nCoV感染的肺炎的诊断、2019-nCoV感染的肺炎的鉴别诊断、2019-nCoV感染的肺炎的治疗、2019-nCoV感染的肺炎的预防和防护等，并将根据疫情发展和诊治经验的积累逐步完善相关内容。 《医药导报》希望通过编发“快速指南（第三版）”，向医务工作者和公众普及新型冠状病毒的防控知识，与临床一线的医务工作者共同阻击病毒蔓延，在抗击疫情的战役中作出贡献。,http://www.cast.org.cn/art/2020/2/3/art_80_109730.html
14,中国水利学会开展世界水日科普活动,2020年3月22日是第28届世界水日，3月22日至28日是第33届中国水周。为在抗击疫情的同时开展一次不同往年的世界水日和中国水周科普活动，中国水利学会秘书处、各省级水利学会及单位会员充分利用信息平台和媒体优势，互相联动，组织开展一系列线上活动。 3月22日，由中国水利学会主办、“中国水之行”活动秘书处承办的科普宣传讲座在线上举办。活动面向全国中小学生，借助 “Winfor水生态智慧系统”进行网络直播。中国水利学会副秘书长刘咏峰致辞并介绍了中国的水情现状，中国水利水电科学研究院的张诚博士作题为“水与气候变化——知行合一”的科普讲座。讲座展示了人与水、水与气候的关系，向参加活动的学生们普及在日常生活中如何节水、爱水、护水等知识。 各省级水利学会也结合地方特点开展一系列活动。山西省水利学会联合哔哩哔哩直播平台、中国知网教学平台等，邀请太原理工大学水利科学与工程学院院长赵喜萍，与会员共同分享“太极蓝管在农业节水、建设幸福河湖中的应用创新实践”“智慧水利——可视化分析、支撑平台及数据管理”等内容；向全省近3000名会员进行纪念世界水日暨中国水周的主题宣传。 辽宁省水利学会通过“科普辽宁”微信公众号播放“全面节水，即刻行动”公益宣传片；向当地各市水利（务）学会、会员单位和水利站等相关部门、单位，以及沈阳市50多个社区发放学会编印的《关于水利人人都应该知道的一些事儿》科普宣传手册2万余册。,http://www.cast.org.cn/art/2020/4/2/art_380_117956.html
15,中国人工智能学会抗疫进行时,新冠肺炎疫情发生以来，中国人工智能学会（CAAI）在中国科协和民政部的指导下积极行动，鼓励广大会员和AI从业者科研攻关，发挥平台及资源优势，助力打赢疫情防控阻击战和复工复产。 积极发声 挺身战“疫” 疫情发生后，学会党委发出《中国人工智能学会党委关于疫情防控时期加强科技工作倡议书》，并先后发起《万众一心迎挑战，众志成城战疫情》《AI（爱）国担当 共抗疫情 驰援武汉》倡议，参与发起《战“疫”有我，为决胜攻坚提供科技志愿服务》《加强医学影像人工智能行业合作，协同阻击新冠肺炎疫情》的联合倡议，动员AI科技工作者积极行动，利用专业优势，通过数据研究为医疗机构和政府决策者提供有价值的信息。 学会坚持科学传播、健康传播和理性传播，在微信公众号设立抗疫专栏；通过总结各防疫阶段的工作情况，及时挖掘和宣传AI科技工作者中的先进典型和感人事迹，传播抗疫正能量、树立科学新风尚。 驰援一线 AI抗疫 在抗击疫情的关键时刻，学会广大会员纷纷献出爱心，共募集款项437 699.67元，用于定向支持疫区重点医院——华中科技大学同济医学院附属同济医院。学会根据院方需求，用筹集款项购置6台导航和服务机器人送抵一线，以缓解医护人员的工作压力，提升病区隔离管控力度，降低交叉感染的风险。 同时，在这场防疫战役中，学会各分支机构、广大会员、地方学会协同攻关，为疫情诊断、远程医疗、药物筛查、科学防疫等提供科技保障。 协同攻关 精准献策 随着疫情防控形势的不断变化，学会专家针对疫情后期复工复产的痛点、难点，以及疫情过后智能产业发展的关键点，提出《关于克服疫情促进行业发展的对策与建议》《关于围绕区块链在应急物资和紧缺物资管理配置中应用的建议》《关于疫情后产业创新发展的对策与建议》和《关于“强化我国人工智能基础理论研究与产业发展”的对策建议》等建议，为相关部门、企业提供决策参考。 云端充电 助力复工 学会发挥平台优势，组织人工智能领域的高校学者、企业专家等利用网络平台，开设每周直播的“CAAI云课堂”，为学会会员和AI从业者提供人工智能学习资源；学会的线下“人工智能大讲堂”移步线上，“AI创新讲堂”邀请AI从业者，为受众解析AI技术在行业中的前沿应用；为教师与学生免费提供中小学AI与信息科技线上公开课程。 随着行业企业陆续复工复产，学会单位会员建立全面的疫情智能防范体系，为物资运输、复工防疫等积极提供专业智能保障，助力企业有序复工复产。 交流合作，全球抗疫。,http://www.cast.org.cn/art/2020/4/2/art_380_117960.html
16,《中国线缆产业发展现状及策略建议咨询报告》通过专家评审,3月20日，中国电工技术学会组织召开《中国线缆产业发展现状及策略建议咨询报告》（以下称《线缆报告》）终审稿审查网络视频会议。学会秘书长韩毅出席会议并讲话，毛庆传、唐崇健、吴士敏、汪传斌、谢书鸿、张秀松、赵洪、江斌等8位行业专家出席会议，学会电线电缆专业委员会秘书长倪娜杰参加会议。学会副秘书长奚大华主持会议。韩毅表示，学会组织撰写《线缆报告》，旨在进一步推动我国线缆产业科技创新和高质量发展。通过系统梳理国内外产业发展现状，客观分析和研判我国线缆产业存在的问题及差距，并提出策略建议，引导企业学习成功经验以及合理地调整、制订和实施企业新时期的发展战略，促进我国电线电缆行业健康可持续发展。他希望与会专家为《线缆报告》送审稿提出意见和建议。学会电线电缆专委会主任委员、上海电缆研究所首席技术专家、《线缆报告》编撰委员会主任委员毛庆传汇报了编撰工作的进度情况、章节要点以及初审会的增补内容。终审会专家共同审议了《线缆报告》内容，对《线缆报告》的前言、统计数据的时间范围、文字内容表述严谨性等提出建议。终审会专家一致认为，《线缆报告》编纂工作已基本完成，再按照专家建议修改后，由电线电缆专业委员报送学会，并配合学会完成后续编撰和定稿等工作。《线缆报告》将由学会正式对外发布。此次组织编撰《线缆报告》是学会践行中国科协关于学会治理与服务改革创新工作要求的重要举措，也是中国电工技术学会电力装备科技专家服务团发挥行业高端引领作用的重要体现。学会将以《线缆报告》编撰工作为契机，继续为我国电工装备产业可持续高质量发展提供智力支持。,http://www.cast.org.cn/art/2020/4/2/art_380_117964.html
17,中国康复医学会单位会员创作特殊儿童抗疫主题歌曲,2020年4月2日是第13个“世界孤独症关注日”，在全民抗疫的特殊日子里，中国康复医学会单位会员北京康复医院特教学校的小朋友们为表达对抗疫英雄们的爱与祝福，在学校的支持下，集体创作并演绎原创抗疫歌曲《不能没有你》。参与《不能没有你》这首歌MV制作的9个小演员中有听力障碍的小朋友、有患唐氏综合症的小朋友、有患自闭症的小朋友，还有行动不便的肢体残疾儿童……孩子们倾注了自己的情感和努力，克服重重困难，完成了歌曲录制。自2015年起，北京康复医院与北京市残联康复服务指导中心合作，共同推进独症儿童康复服务项目，旨在为北京市自闭症儿童提供康复服务，并希望通过此次活动让孩子们感受到爱与被爱的力量，为他们幼小的心灵里播下爱的种子，未来努力回报社会，向社会传递爱、温暖和感恩。,http://www.cast.org.cn/art/2020/4/2/art_380_117968.html
18,中国电子学会积极发声 助力抗“疫”,持续发声  影响广泛 在疫情期间，中国电子学会结合疫情相关情况，发挥学会优势，一方面，加强学会宣传员队伍打造，组织各部门宣传员定期交流疫情期间相关宣传情况，集合力量壮大学会宣传声势；另一方面，维护学会各个传播平台，在学会微信公众号上，持续更新疫情相关新闻及学会要闻近130篇，阅读量超过16000次；更新学会网站相关新闻及学会要闻50多条，浏览量达77907次。 同时，学会加强与人民日报、新华社、光明日报、经济日报等100多家主流与行业媒体的沟通交流，结合疫情编号情况在各媒体平台发表70多篇活动新闻及观点评论文章。 围绕“科技战疫”主题，学会举办“无人配送线上座谈会”等多场线上活动，邀请几十家国内机器人行业的企业代表参会，为“科技战疫”献计献策。 132家机构响应学会抗“疫”倡议 2月初，世界机器人大会组委会秘书处就疫情防控期间做好科技支持服务工作发起倡议，百度公司、京东物流、美团点评、腾讯公司、中国科学院沈阳自动化所等132家机构和企业纷纷响应，加入倡议，并在人员支持、物资捐助、定心稳产等方面积极行动，助力疫情防控工作。 2月19日，世界机器人大会秘书处增设征集2020投创之星“新冠肺炎疫情防控”类产融项目，并对接学术、产业、企业、金融等，发掘、扶持优秀的创新企业及项目。截至目前，共收到50余项优秀应用项目报名。 与多家国际机构沟通 合作抗“疫” 疫情发生后，学会与美国、俄罗斯、日本、韩国、意大利、新加坡等国家的20多家国际机构进行沟通和函件往来。IEEE、IEEE机器人与自动化学会（IEEE RAS）、国际机构学与机械科学促进联合会（IFTOMM）、欧洲机器人协会（euRobotics）、美国机器人工业协会（RIA）、俄罗斯机器人协会（RAR）等国际机构致信世界机器人大会组委会秘书处，表达对中国人民抗击疫情的支持和开展合作的信心。 服务企业 推动复工复产 为贯彻落实党中央、国务院和工业和信息化部的相关精神，统筹推进疫情防控和经济社会发展，学会先后分别举办《机器人技术支撑服务复工复产应用案例》《人工智能技术支撑服务复工复产应用案例》征集活动。活动共征集到优秀技术应用案例100余项，经评审遴选后陆续向业内企业进行推介，在企业复工中发挥了重要作用。 3月，学会连续组织召开“无人配送”线上主题座谈会、“智造”助力复工复产线上座谈会、“最美机器人逆行者”案例分享会等多场线上活动，为企业复工复产提供应用方案的共享与支持。,http://www.cast.org.cn/art/2020/4/1/art_380_117742.html
19,中国电工技术学会组织中压开关柜绝缘技术线上培训,3月27日，中国电工技术学会举办中压开关柜绝缘技术在线培训活动。学会科技服务团的中压开关柜领域专家、西安高压电器研究院有限责任公司教授级高工王平通过视频在线讲授课程。来自陕西、辽宁、北京、山东等地区的150多位相关企业技术人员参加培训。活动由学会咨询部主任高巍主持。培训中，王平介绍在企业科技创新中的中压开关柜绝缘技术及解决产品绝缘问题等，探讨了技术的发展方向，受到参加人员的好评。中压开关柜对电网和负荷的安全稳定运行起到重要的保护和控制作用，是电力系统中不可或缺的重要设备，其质量的优劣直接影响着电力系统的运行安全和供电可靠性。此次在线培训旨在进一步优化我国中压开关柜设备性能，更好地服务产业科技创新，助力整体技术水平提升。此次培训中还有8家企业分别设置不同规模的视频会议“分会场”，实现“线上+线下”同步交流。学会计划在4月17日再次开展相关培训活动。,http://www.cast.org.cn/art/2020/3/31/art_380_117746.html
20,中国食品科学技术学会组织召开食品科学网络圆桌会议,3月21日，中国食品科学技术学会（CIFST）与国际食品科技联盟（IUFoST）共同组织召开食品科学网络圆桌会议。中国工程院院士、中国国家食品安全风险评估中心总顾问陈君石，中国食品科学技术学会副理事长、中国疾病预防控制中心营养与健康所所长丁钢强，世界卫生组织国际食品安全官方网络营养与食品安全事件监测主管Peter Ben Embarek，欧洲食品安全局前主席、爱尔兰新冠肺炎国家应急中心Patrick Wall教授，国际食品科技联盟前主席饶平凡、候任主席V Prakash教授，国际食品科技联盟科学委员会候任主席、加拿大纽芬兰纪念大学Fereidoon Shahidi 教授，中国食品科学技术学会副理事长、国家食品安全风险评估中心副主任李宁等约20位专家，以及近百位相关行业代表在线参加会议。 参会专家们主要围绕新冠病毒通过食品传播的科学证据、疫情期间凸显的大量储存食物和营养不均衡现象，受疫情影响全球食品行业正面临的三大挑战，包括餐饮业及中小企业承受的影响、食品安全与清洁卫生水平面临的更高要求、食品电子商务平台由于需求激增面临的供给压力与劳动力短缺等议题进行发言和讨论。Peter Ben Embarek介绍了目前COVID-19在167个国家和地区的确诊情况，并对中国控制疫情的工作表示赞赏；陈君石认为，根据SARS和MERS的防控经验以及中国新冠肺炎疫情的发展情况，尚没有任何关于新冠病毒通过食品传播的科学证据；丁钢强表示，疫情期间社区采取封闭式管理，很多家庭大量储存食物，随之而来的营养不均衡现象凸显；Patrick Wall教授介绍了目前欧洲食品界的食品分销、运输以及餐饮等行业面临的挑战；沃尔玛全球电子商务全渠道合规副总裁Liz Duffy表示，疫情期间线上电子商务订单激增，使得供应链的各个环节都面临压力。 此次会议是CIFST和IUFoST双方计划于今年7月共同主办的2020年国际食品安全与健康大会的“前奏和引言”。会议中，专家们还探讨了后疫情时代食品工业将迎来的四大机遇，包括食品工业对国家应急保障的重要性、装备智能化与信息化将成为食品产业应对风险挑战的关键、“提高免疫力”为特殊食品行业创造新的增长点、关注老年人健康成为产业创新发展的重要方面等内容。 Fereidoon Shahidi 在会议总结中表示，COVID-19 的全球性暴发给食品行业带来诸多挑战，促使人们深度思考行业的未来发展，包括食品安全与卫生的重要性。,http://www.cast.org.cn/art/2020/3/30/art_380_117655.html
21,中国物理学会科普委员会发起物理微课,在全民抗击新型冠状病毒疫情的特殊时期，为丰富物理爱好者尤其是青少年的网络学习资源，促进物理教育可持续发展，中国科学院物理研究所长三角物理研究中心、中国物理学会科普委员会联合发起《云里·悟理》系列微课。微课自2月21日起每周五、周六在学习强国、人民日报客户端、央视频、新华网、科普中国等38个平台同步播出，截至3月22日，微课视频上线10期，累计播放量达11，046，794次。微课第一季共32期，每期时长25分钟，由“悟理·论坛”和“悟理·问答”两个版块组成。在“悟理·论坛”版块中，微课邀请一线物理科研人员担任主讲人，介绍物理的来龙去脉、物理的思维方式及物理的语言和方法；在“悟理·问答”版块，精选趣味物理问题，对从身边生活到遥远星空进行有理、有据、有趣的专业科学解答。通过“网络物理科学家”的共同努力，第一批微课录制完成仅用不到1周的时间。中国科学院院士、中国科学院物理研究所向涛在完成微课录制后表示：“非常幸运有这样一个宝贵的机会，让我为抗疫工作出一份力。希望大家看完《云里·悟理》系列微课，能从认识到了解，从眼熟到明确，从知道‘是什么’到理解‘为什么’。让所有热爱物理的朋友“知其然也知其所以然”，感受到物理本身的魅力，从而爱上物理、爱上思考的快乐”。《云里·悟理》系列微课内容力图打破传统教材中单纯讲授物理知识的弊端，将物理学规律与日常生活紧密结合起来，用诙谐生动的语言把重要的物理概念和物理知识展示给学生。同时，以“微课”形式让学生在防控疫情期间增加更多的学习选择，培养科学兴趣，也为提高我国公民科学素养和打赢疫情阻击战贡献一份力量。,http://www.cast.org.cn/art/2020/3/27/art_380_117369.html
22,中国宇航学会发动航天力量抗击疫情（二）,新冠肺炎疫情发生以来，中国宇航学会坚决贯彻落实习近平总书记重要指示精神，严格落实党中央、国务院、中国科协党组的决策部署，学会理事会迅速部署落实疫情防控各项工作，并发出《众志成城，万众一心，共克时艰，凝聚战胜疫情的航天力量——致广大会员和全国航天科技工作者的倡议书》，全国航天各界相应号召，充分发挥航天技术优势，积极为湖北疫区提供医疗支持、救灾及生活物资，同心抗疫。一、学会理事单位：中国运载火箭技术研究院第十五研究所中国运载火箭技术研究院第十五研究所（以下简称一院15所）全面动员生产复工，在确保防疫安全的前提下，科研生产有序开展。一院15所辽宁航天凌河汽车有限公司快速反应，研制生产出雾炮消毒专用车和小型防疫消毒专用车并成功应用，并无偿配合辽宁省政府开展城乡疫情防控消毒工作。二、学会常务理事单位：中国航天电子技术研究院中国航天电子技术研究院（以下简称九院）第一时间成立疫情防控工作领导小组，九院航天电工公司所属7家子公司7次接到武汉火神山医院、雷神山医院、方舱医院建设紧急援助任务，在诸多不利条件下，将数十吨电线电缆按时运送到了施工现场。三、学会常务理事单位：中国航天科工集团第六研究院中国航天科工集团第六研究院（以下简称六院）对全院疫情防控工作进行系统部署。自2月3日，六院有序开展科研生产、经营管理等各项工作；2月10日，六院开始复工复产；在复工后地面试车取得成功，更坚定了全院打赢疫情防控阻击战的信心和决心；六院工会组织开展疫情防控合理化建议征集，全院职工建言献策，形成34条日常防护建议，构筑群防群治的严密防线。六院下属西安航天自动化股份有限公司克服困难，保障贵阳市菜篮子保民生工程—贵阳市2.5万亩高标准设施蔬菜保供基地建设水肥一体化灌溉及农业信息化工程项目顺利实施。四、学会常务理事单位：四川航天技术研究院四川航天技术研究院（以下简称七院）把复工、战“疫”做成双选题，并紧急下拨10万元专项党费；重点排查流动、聚集人群和密闭场所管控；通过统一调度平台，及时发布权威公告、防控常识等。七院七部聚焦重点型号任务，7102厂精细科研生产策划，并安排专车护送第一事业部47名关键岗位职工返岗；692厂组成由一名副主任设计师+多位设计人员的现场蹲点团队，形成“副主任设计师抓总，其他设计分区域负责”的管理模式。七院成都航天医院呼吸内科医生刘强、重症医学科护士肖雅杰驰援武汉；川职院李彬加入无人机喷洒消毒工作小组。,http://www.cast.org.cn/art/2020/3/26/art_380_117311.html
23,中国康复医学会发布《新型冠状病毒肺炎远程康复工作指导意见》,3月21日，中国康复医学会远程康复专业委员组织专家编写了《新型冠状病毒肺炎远程康复工作指导意见》以下简称《指导意见》），通过中国康复医学会网站和微信公众号向社会发布，供综合医院康复医学科及康复医疗机构医生、护士、治疗师等相关医务人员在新冠肺炎患者远程康复工作中参考使用。《指导意见》编写组由国内康复医学领域权威专家组成，中国康复医学会会长方国恩、党委书记兼常务副会长牛恩喜、副会长燕铁斌，福建医科大学党委副书记、卫生健康研究院常务副院长王诗忠教授担任顾问，中国康复医学会远程康复专委会主委谢欲晓教授、福建医科大学附属第一医院院长兼康复医学中心主任康德智教授担任专家组组长，远程康复专家倪隽、公维军、江山执笔。《指导意见》经过专家组十多次的反复研讨论证，数易其稿完成。《指导意见》包括新冠肺炎患者远程康复概述、远程康复介入时机及暂停指征、远程康复实施条件、远程呼吸康复指导、远程心理康复指导、远程日常生活活动能力康复指导、远程健康宣教、远程康复风险及预防、远程康复质量控制等十个方面的内容。《指导意见》提出，远程康复是指通过信息和通信技术开展的康复评估、治疗、监测、预防、教育、咨询等工作，远程康复的目标是通过远程康复的介入，改善新冠肺炎患者呼吸等功能，减少并发症，降低功能障碍发生率，促进患者更快地恢复心理健康，最大程度恢复日常生活活动能力、提高生活质量，早日重返家庭和社会。此次《指导意见》的印发，是落实新冠肺炎分级诊疗制度、完善三级康复网络体系建设、促进全程康复内容实施的重要举措，可以指导远程康复与新冠肺炎的康复治疗相结合，实现患者在隔离病房或家中与康复从业人员进行线上同步康复治疗，在提高康复治疗普及率和个体化康复的同时，避免人群聚集带来的风险，降低康复医疗从业人员职业暴露风险，对打赢抗疫攻坚战具有重要意义。,http://www.cast.org.cn/art/2020/3/25/art_380_117251.html
24,中国农学会科普先行抗疫情,新冠肺炎疫情发生以来，中国农学会认真贯彻落实党中央的决策部署，按照中国科协开展新冠疫情应急科普工作的要求，发扬“科普为农、科普助农、科普惠农”的服务精神，联合社会力量开展“战疫情、保春耕”系列科普知识竞赛，积极引导广大农业科技工作者开展疫情防控应急科普宣传，促进安全复工生产。借助新媒体开展防疫科普自1月22日起，学会密切关注新冠肺炎疫情的发展，借助“三农科学传播”微信公众平台及其他媒体渠道及时开展防疫科普。防疫初期，重点推送《紧急提醒：这样封路不可取！对蔬菜生产和运输影响太大了》《新冠肺炎疫情期间，菜场买菜必须知道的十件事》等；结合农时推送《防疫保供两手抓，春耕八条要记牢》《今年易发“倒春寒”，农业专家给冬小麦春管划重点》《把耽误的“春光”抢回来！如何做好春耕？》等；结合农业热点推送《人蝗大战千年，中国的蝗灾是如何销声匿迹的》《全面禁止食用野生动物，特种养殖何去何从》等。截至目前，已累计推送30期共60篇科普图文，并通过朋友圈、微信群等渠道广泛传播。学会还根据疫情发展变化，组织农业、医学、生物技术、植物保护等领域的专家创作科普动画《潜伏、伪装、入侵，新冠病毒是怎么攻下人类这座城池的？》、科普长图《人蝗大战千年，中国的蝗灾是如何销声匿迹的》等。这些原创作品被光明网、科普中国、云上智农等媒体转发，累计阅读量达200多万人次。开展科普知识竞赛活动2月初，中国农学会联合同方知网等单位开展“新型冠状病毒肺炎防护”科普知识竞赛。竞赛题库以《新型冠状病毒感染的肺炎防护手册》（江苏凤凰科学技术出版社）、《新型冠状病毒感染的肺炎防控知识100问》（中南大学出版社）为内容来源，组织整理近300道试题。题库以国家卫健委发布的《新型冠状病毒肺炎诊疗方案》为依据，确保题目的科学性与权威性。3月是疫情防控的关键时期，也是农业生产管理的重要季节。学会及时组织专家优化题库，补充精准科普疫情防控知识，增加复工生产指导、春耕生产指导等内容，为农业企业经营主体和广大农户进行春耕备耕、复工复产提供科学支撑。一个多月以来，活动得到陕西省、广西壮族自治区、湖北省、江苏省等12家省、市、区科协的关注和响应，也得到用户的认可。截至3月24日，全国共有5.39万网民参加活动，累计学习人次达28.3万。,http://www.cast.org.cn/art/2020/3/25/art_380_117227.html
25,中国有色金属学会成立“有色金属新材料全产业链绿色发展科技专家服务团”,为深入贯彻落实习近平总书记重要讲话精神，统筹推进疫情防控和经济社会发展工作，积极响应中国科协关于《2020年中国科协学会学术工作要点》等相关要求，中国有色金属学会牵头，与多家单位共同参与成立“有色金属新材料全产业链绿色发展科技专家服务团”，为建设科技强国提供科技支撑。服务团主要由相关高校、科研院所、企事业单位等从事有色金属新材料全产业链绿色发展领域的院士专家组成。服务团将发挥学会的专业技术优势，组织有色金属领域的科技工作者为企业发展和区域经济振兴提供解决方案，构建长效对接服务机制。服务团围绕有色金属新材料全产业链绿色发展，特别是铝产业转型升级、石墨烯铝基复合材料产业、环境保护等领域，聚焦铝材料产业高精尖转型、环境保护产业、石墨烯铝基复合材料的制备新技术等关键技术瓶颈与产业需求，实施精准科技服务，为企业复工复产提供技术保障，助力地方产业转型升级。服务团将重点在广西壮族自治区开展产业协同攻关，着力为行业发展中的难题提供关键技术；建立产学研合作平台，助推高质量科技成果转化；组织开展科技成果推介、科技培训专家行，以及为地方引智引才等系列科技活动。,http://www.cast.org.cn/art/2020/3/24/art_380_117161.html
26,国际化工组织复函中国化工学会赞赏和支持中国抗疫工作,日前，中国化工学会理事长戴厚良代表中国化工学会和中国化工科技工作者，向世界化学工程联合会、亚太化工联盟、欧洲化学工程联盟、日本化学工学会、德国德西玛协会、美国化学工程师学会、法国过程工程学会等多家国际化工组织致函，通报中国人民在习近平主席和中国政府的领导下，万众一心、全力以赴地打赢疫情防控阻击战的情况，并对全球化工科技工作者表达问候和感谢。 近日，中国化工学会陆续收到各国际组织的回信和复函。各国际组织向中国人民及广大化工科技工作者表示慰问，对中国为抗疫所作出的努力和所取得的成效表示赞赏，并表示愿与中国化工学会和广大中国化工科技工作者继续加强沟通与合作，共同为化工科技发展和全球疫情防控事业作出贡献。 世界化学工程联合会（WCEC）：WCEC主席Philippe A. Tanguy表示，他充分认识并感激中国为控制疫情所作的巨大努力，他也将向世界化学工程联合会的成员国转达信函内容。 欧洲化学工程联盟（EFCE）：EFCE对戴厚良理事长的致函表示感谢，表达了对中国疫情防控工作的理解和支持，并向欧洲各成员国转发了信函。 日本化学工学会（SCEJ）：SCEJ理事长Tadafumi Adschiri和副理事长兼候任理事长Toshinori Sekido赞赏中国集体动员阻止新冠病毒蔓延取得的显著成效，他们认为全世界的共同努力和密切沟通对于遏制新冠病毒和及时执行解决方案至关重要。SCEJ承诺在各领域继续与中国化工学会合作，并希望中国化工学会继续取得成功。 德国德西玛协会（DECHEMA）：DECHEMA主席Klaus Sch?fer博士和德西玛公司CEO Thomas Scheuring博士复函，感谢中国化工学会分享此次新冠病毒爆发所引发疫情的真知灼见。他们表示，DECHEMA心系疫情受害者，对中国政府为应对和攻克疫情危险所采取的严格措施和严厉举措表示赞赏和感激，德国乃至西方世界都对这一行为大为赞赏。DECHEMA非常赞同“人类命运共同体”理念，病毒没有国界，只有通过跨国界的努力才能战胜病毒，目前世卫组织和中国政府在这方面的合作值得称赞和学习。DECHEMA祝愿所有人，特别是中国人民，迅速克服当前困难并取得成功。,http://www.cast.org.cn/art/2020/3/24/art_380_117044.html
27,中华中医药学会分会抗“疫”行动 （四）,（一）推拿分会推拿分会号召广大委员投身疫情防控工作，分会主任委员、长春中医药大学校长宋柏林第一时间部署防控工作，积极响应当地政府援助请求，带领专家深入防疫一线，参与对危重患者的远程会诊，派出两批中医医疗队驰援武汉，代表长春中医药大学附属医院累计捐赠“防疫代茶饮”12万余份；分会副主任委员、湖北省中医院教授赵焰与同事响应号召支援防疫定点医院；常务委员刘鹏利用空中诊室为患者开方诊病；常务副主委兼秘书长孙武权主动承担医院预检分诊工作；分会顾问赵毅查阅大量文献，证实推拿与抗疫实践的历史；名誉副主任委员王金贵带领科室的护理骨干，在支援武汉抗疫前线同时，为后方推拿团队及时提供患者信息，为有针对性制定干预方案提供第一手数据；常务委员詹强为隔离病房的新冠肺炎儿童进行小儿推拿。分会充分发挥党的工作小组作用，185位党员委员累计捐款近7万元。（二）肝胆病分会截至3月5日，肝胆病分会114余位委员、青年委员参与到抗疫一线，其中7位支援武汉抗疫一线。主任委员李秀惠受北京市中医局委托，组织专家制定《北京市新型冠状病毒感染的肺炎防治方案》；副主任委员李晓东结合收治情况及《关于印发新型冠状病毒感染的肺炎诊疗方案（试行第三版）的通知》《湖北省新型冠状病毒感染的肺炎中医药防治方案（试行）》，制定湖北省中医院院内协定方8个，涵盖预防、流感、肺炎、恢复期等治疗内容；李秀惠、副主任委员王宪波作为北京市中医专家参与全市重症病人会诊工作；副主任委员卢秉久、赵文霞、常占杰，常务委员薛博瑜、蒋开平、程良斌、王晓忠分别参加当地的专家会诊工作；副主任委员扈晓宇作为四川省第七、八批医疗队党委委员支援武汉。（三）心身医学分会心身医学分会开展武汉地区人员的心理调查，启动以“关爱心身健康，构筑抗疫防线”为主题的云医疗——疫情应激中医心身调适公益心理救援行动，并创建网上咨询平台。主任委员郭蓉娟在北京电视台养生堂作“心神和谐百病消”的科普讲座；副主任委员徐建在上海电视台海上名医讲坛讲授疫情防控科普知识；分会委员柯于鹤、孙洪、梅俊华、周冰凌在武汉市第一医院，杨琦在武汉市黄陂区中医院，王学红在湖北十堰市中医医院新冠肺炎救治一线奋战两个多月；分会委员，湖南省中医药研究院曾普华、中南大学湘雅二院毛丹分别奔赴黄冈和武汉前线支援抗疫工作；分会委员，中国中医科学院广安门医院丁文涛、天津市中医药研究院梅妍、河北玉田县中医院袁金英、河北大城县中医院邓乃哲分别参加了当地的新冠肺炎患者救治工作。,http://www.cast.org.cn/art/2020/3/19/art_380_116758.html
28,中国电工技术学会输配电专家线上开讲,3月13日，中国电工技术学会组织举办输配电领域“（线上）技术培训+咨询”活动。学会“高端电力装备制造科技专家服务团”输配电领域权威专家、西安高压电器研究院有限责任公司教授级高工王平在线讲授课程。来自宁波、西安、上海、杭州天津等地区的企业、高校及科研院所的50多位管理人员和技术人员参加培训。活动由学会咨询部主任高巍主持。培训活动中，王平主要围绕成套柜体发展趋势，小型化、智能化的突破点，数字化、智能化背景下企业的发展方向以及开关柜领域新柜型、新技术、新成果等内容，为参会人员进行技术讲解和咨询服务。本次活动旨在为更好地服务输配电行业创新发展，充分发挥中国电工技术学会“高端电力装备制造科技专家服务团”在优化国内输配电产业设备性能、吸收借鉴先进设计理念、增加产品技术含量和附加值等方面的智力引领作用，助力企业在新技术、新材料、新工艺领域不断取得更多创新与突破。中国电工技术学会“高端电力装备制造科技专家服务团”于今年3月6日正式组建成立，成员由国内知名高校、科研院所和企业等单位的院士及权威专家组成。本次活动是专家服务团开展的第一次专家助力服务，也是学会积极践行中国科协“科技专家服务团”相关工作精神，通过先进技术与产业创新有机结合，链接学会系统资源，带动地方协会、学会合力开展多层次、多模式、重实效的科技服务工作的一次尝试。,http://www.cast.org.cn/art/2020/3/18/art_380_116699.html
29,中国制冷学会联合地方学会及行业企业共抗疫情,成立专家小组提供专业建议 2月1日，中国制冷学会邀请国内行业专家成立“抗击新冠肺炎空调（供热）系统专家小组”（简称“专家小组”），中国工程院院士、清华大学教授江亿担任组长，北京市建筑设计研究院有限公司顾问总工程师吴德绳担任总顾问，为政府部门和公众提供科学安全使用空调（供热）及通风换气等方面建议。 专家小组基于2003年防治SARS疫情期间的经验，针对目前空调供暖的实际情况撰写《应对新冠肺炎疫情安全使用空调（供暖）的建议》，指导空调用户和建筑物管理者正确使用空调通风系统；针对新冠病毒可能通过“气溶胶传播”报道，经专家小组讨论，提出《关于近日新冠病毒通过“气溶胶传播”的几点释疑和建议》。 3月11，由中国制冷学会和清华大学主办、《暖通空调杂志社》协办的“新冠病毒封闭空间传播规律研讨会”进行网络直播。江亿等17位专家围绕病毒 “传播机理”和有效“通风方式”两个主题进行深入分析和交流，研讨新冠病毒在封闭空间中究竟如何传播、集中空调系统究竟会不会加剧病毒在空间中的传播、通风系统该如何设计可有效应对疫情等暖通空调行业普遍关心的问题。 地方学会发挥优势防控疫情 1月27日，北京制冷学会理事长、北京二商集团总工程师唐俊杰报送“关于对收治新型肺炎病人的定点医院的真空泵房采取紧急措施的建议”；1月28日，北京制冷学会副理事长单位清华大学整理《北京防治非典时期安全使用空调的建议》《2003年非典期间的7期建筑制冷空调技术快报》，通过学会报送给北京市科协；1月 28日，北京制冷学会副理事长单位中国建筑科学研究院建筑环境与节能研究院发布《疫情期公共建筑空调通风系统运行管理指南》。 1月27日，河南省制冷学会副理事长兼秘书长、河南牧业经济学院能源与智能工程学院院长隋继学撰写《关于对收治新型肺炎病人定点医院真空泵房检查的建议》，提交给河南省科协；河南省制冷学会副理事长单位郑州凯雪冷链股份有限公司支援河南“小汤山”医院建设，捐赠价值26万元的医疗冷链设备；河南省制冷学会会员单位河南双鑫消防环保设备制造有限公司，向武汉火神山医院、鄂州市第三人民医院、蚌埠市第五人民医院、信阳市人民医院等单位提供医用口罩1万个，防护服3千套，以及医用高效过滤器300套、防火阀风阀500个、新风风口860个、新风机20台，总价值超过65万元。,http://www.cast.org.cn/art/2020/3/17/art_380_116703.html
30,中华中医药学会分会抗“疫”行动 （三）,为发挥中医药在疫情防控中的积极作用，2月4日，中华中医药学会印发《中华中医药学会关于抗击新型冠状病毒肺炎疫情的倡议书》，号召广大委员充分发挥中医药防治新型冠状病毒肺炎的优势，积极开展疫情防控工作。学会各分会的委员们积极行动，参与到新冠肺炎的临床诊疗和相关科研等工作中。（一）运动医学分会发布《不同人群居家锻炼专家建议》疫情防控期间，健身及户外运动减少，加之不规律的生活方式，容易导致身倦乏力、腰酸背痛等问题。运动医学分会组织国内运动医学领域的专家，制定《不同人群居家锻炼专家建议》，指导不同年龄段人群进行安全、科学、有效的居家锻炼。该建议在学会官微发布，阅读量约1.2万。（二）中医诊断学分会专家为疫情防控提建议1月23日，中医诊断学分会专家主委李灿东应邀在福建科普上撰稿，从中医角度提出新冠病毒肺炎防治的5个建议；李灿东还带领团队在线开设防控疫情专题“团团健康小课堂”，与中诊分会委员陈淑娇在《福建中医药》杂志发表专题论文《发挥中医优势，助力疫情防控》《整体动态个性化、全程的原则在福建省新型冠状病毒肺炎防控中的应用》。中医诊断学分会副主委，新疆医科大学附属中医医院党委副书记、副院长张星平，组织相关专家于2月1日修订完成《新疆维吾尔自治区新型冠状病毒感染的肺炎中医药防治方案（试行第二版）》；组织专家指导、督导乌鲁木齐、伊犁等地区的新冠肺炎中医诊治。中医诊断学分会常务委员、厦门大学医学院中医系教授陈少东在自媒体“陈博士说”公众号上发表文章解读《新型冠状病毒感染的肺炎中医药防治指南》；分会常务委员，湖南省卫健委副主任、中医药管理局局长黄惠勇担任湖南省中医药防控疫情领导小组组长，统筹协调全省中医药防控疫情工作。（三）妇科分会专家积极开展中医防疫治疗妇科分会委员赵锐作为海南省妇幼保健院新冠肺炎救治专家组成员，指导西医儿科医师合理使用中成药，制备中药防疫香囊，向医护人员、患者及群众赠送3100余枚；为一线医护人员中医治疗；参加海南省电视台《奇妙的中医》抗击新冠肺炎特别节目的录制。分会委员张迎春组织科室同事起草倡议书，普及中医艾灸等抗疫治病知识；青年委员张花担任武昌方舱医院中医医疗组专家，规范开展中西医结合治疗新冠肺炎，利用中医药促进患者康复；青年委员徐垲向浙江省防疫一线的社区工作人员赠送防疫中草药，并开展远程诊疗工作。,http://www.cast.org.cn/art/2020/3/16/art_380_116421.html
31,山西“水生态文明建设与高质量发展”主题学术年会在晋城召开,9月23-24日，山西“水生态文明建设与高质量发展”主题学术年会暨山西省水利学会所属机构秘书长工作会在晋城市召开。山西省科协党组成员、副主席郝建新，晋城市水务局党组书记、局长张国文，晋城市科协党组书记、主席焦勇等领导出席会议。山西省水利学会理事长裴群主持会议。微信图片_20191023220409.jpg本次会议为2019年山西省科协年会分会场活动。会议以习近平总书记在黄河流域生态保护和高质量发展座谈会上的讲话精神为主线，围绕“科技助力新时期治水兴水，纪念学会建会60周年，新起点新征程再出发”主题进行，旨在贯彻落实全省水利工作会议精神，深刻总结山西以汾河为重点的“七河”生态修复的实践经验，动员与组织更多的专家学者和山西省水利学会广大会员为山西水生态文明建设建言献策，提供智力支持和技术支撑，为我省生态优先，走高质量发展新路提供强有力的水生态保障。同时，组织山西省水利学会专兼职干部和水利科技工作者参加山西省科协主办的学术年会系列活动，开阔视野、提升境界。会议邀请水利部发展研究中心副主任、博士生导师吴强，水利部黄河设计公司总工、全国工程勘测设计大师景来红，省委直接联系的高级专家、太原理工大学环境科学与工程学院教授袁进等专家，分别以《流域综合治理中应关注的几个问题》《新形势下看古贤水利枢纽的战略地位和作用》《山西省水生生物调查评价》为题作学术报告。会议宣读水生态文明建设与高质量发展主题学术征文活动获奖名单，并为获奖代表颁奖。会前，山西省水利学会面向全省会员开展了征文活动，并评选出优秀论文，编辑论文集。今年是山西省水利学会建会60年，会议举行简朴而隆重的庆祝仪式，向参会代表发放学会建会60周年纪念册，并播放MV展示学会60年来的历程、成绩和经验。会议邀请与会专家与晋城市水务局共同举办了晋城水生态文明建设与高质量发展座谈会，开展了优秀论文作者学术交流活动，组织与会水利科技工作者参加2019年山西省科协年会主会场活动和晋城市水生态治理工程技术调研及协办单位科技成果展。活动由山西省科协主办，山西省水利学会承办，山西省黄河万家寨水务集团有限公司、山西水务投资集团有限公司、山西省水利建筑工程局、山西省水利水电勘测设计研究院有限公司、山西省水利水电科学研究院、山西省漳河水利工程建设管理局、山西省汾河流域管理局、山西省三门峡库区管理局、晋城市水务局、晋城市水利学会协办。,http://www.cast.org.cn/art/2019/10/23/art_182_103638.html
32,2019重症康复高峰论坛在天津举行,10月11-13日，2019重症康复高峰论坛暨中国康复医学会重症康复专业委员会第二届学术会议暨第三届渤海重症神经康复论坛在天津举办。中国康复医学会会长方国恩，中国康复医学会党委书记兼常务副会长牛恩喜，中国康复医学会重症康复专业委员会主任委员宋为群，天津医科大学总医院党委书记张建宁，市卫生健康委员会副主任王浩出席会议。天津市科协党组成员、副主席卢双盈出席开幕式并致辞。我国神经康复泰斗、重症康复领域的开拓者王茂斌教授，德国波尔高早期神经康复医院ICU和IMC副主任医师杨筠博士，台湾辅仁大学附设医院复健科主任陈思远博士等作专题报告。本次论坛以“早期、重症、综合”为主题，聚焦重症神经康复、重症心脏康复、重症呼吸康复、重症康复质控与教学、重症康复治疗技术、青年重症康复、重症康复护理、儿童重症康复等热点问题，邀请多位国内外著名康复专家围绕临床常见疾病的康复评定、康复治疗、康复指导等作专题报告，各专家结合自身实践分享了脑卒中、颅脑损伤、脊髓损伤、创伤、内科危重症等的诊治经验。论坛为重症康复临床实施和新技术推广提供了学术交流平台，与会人员围绕当前重症康复医学技术热点及前沿、康复医学“多学科协作”特点展开研讨交流，对进一步推广重症康复的理念，提高重症康复医学相关人员的专业技术水平，促进相关科室开展重症康复，完善重症疾病治疗-康复医疗链产生积极作用。论坛由中国康复医学会重症康复专业委员会主办，天津医科大学总医院康复医学科、天津市康复医学会、天津市赵以成医学科学基金会承办。来自国内外800余名康复医学领域专家学者、科技工作者参加论坛各项活动。,http://www.cast.org.cn/art/2019/10/23/art_180_103587.html
33,第二十六届十省金属学会矿业学术交流会在太原召开,9月18日-19日，主题为“智慧矿山，绿色发展”的第二十六届十省金属学会冶金矿业学术交流会在山西太原召开。中国工程院院士王一德出席大会开幕式。山西省科协党组成员、副主席郝建新致开幕词，山西省金属学会理事长、太钢总工程师李建民致欢迎辞。太钢副总经理、太钢集团矿业分公司总经理马法成主持开幕式。来自各省的125名代表参加了会议。 微信图片_20191022210202.jpg微信图片_20191022210202.jpg 郝建新在讲话中表示，互联网、物联网、大数据、云计算、人工智能等前沿技术在矿业领域广泛应用，使我们的矿山企业在促进经济转型的同时，实现绿色发展、可持续发展。他希望与会代表牢固树立创新、协调、绿色、开放、共享发展理念，以供给侧结构性改革为主线，坚持科技引领，坚持创新驱动，稳步推进矿业转型升级，为国家实现历史性变革作出重要贡献。 会上，中国冶金规划研究院矿山处副处长张松波作《绿色矿山建设政策及冶金矿山绿色发展现状》报告，解读党的十九大以来绿色智能矿山建设的最新政策以及我国冶金矿山绿色发展现状。北京科技大学王培涛副教授作《金属矿产资源绿色智能可持续开发关键工程科技战略研究》的主题报告，展示了我国冶金矿山在绿色智能可持续发展的研究成果。辽宁科技大学矿业学院/化工学院副院长、辽宁科技大学长江学者陶东平作题为《纳米气泡强化细颗粒浮选理论及应用》的专题报告。长沙矿冶研究院选矿首席专家、总经理助理，中国金属学会选矿专业委员会副主任委员陈雯教授作了《智慧选矿行业大数据平台建设》的重要报告。太钢集团矿业分公司副总经理、总工程师米子军以《坚守创新之道  建设一流矿山》为题作报告。专家的精彩报告引起参会代表的高度关注。 会议期间，大会组织代表参观了太钢矿业公司袁家村铁矿。 本届交流会议由山西省科协及晋、冀、川、鲁、辽、陕、京、赣、闽、粤十省（市）金属学会主办，太钢协办，山西省金属学会、钢铁之家河北冶金科技有限公司承办。,http://www.cast.org.cn/art/2019/10/22/art_182_103554.html
